[
    {
        "_id": "51a70e10ef2b4a2d12e8c94f",
        "all_members_count": 28608,
        "attending_count": 1357,
        "can_invite_friends": false,
        "creator": 66603149415,
        "creator_cursor": null,
        "declined_count": 1335,
        "description": "חברים וחברות.. הקיץ כבר כאן !  כל הפרטים באתר שלנו:\nhttp://blu4dance.tranceil.co.il\n\nפסטיבל הבלו4דאנס חוזר לאילת להפקה המרכזית של קיץ 2013 \nלסופשבוע ענק של מסיבות ב'חווה' ובמלונות עם ליינאפ מפלצתי של דיג'ייז גדולים מהארץ ומחו\"ל. גם הפעם צמד המסיבות המרכזיות יתקיימו ב'חווה' - לוקיישן המסיבות המוביל בישראל עם התפאורה, הפירוטכניקה, התאורה והסאונד מחזית הסטנדרטים הבינלאומיים וכמובן האווירה המנצחת של הלוקיישן המרהיב בין הרי אילת. כל זאת ועוד הופכים את פסטיבל הבלו4דאנס לפסטיבל המוזיקה האלקטרונית המוביל בישראל לאורך שנים\n\nלבחירתכם חבילות נופש הכוללות מלון+כרטיסים ל-2 המסיבות\nהמרכזיות ב'חווה' - החל מ-500 ש\"ח לאדם בלבד !\n\nמוקד הזמנות ארצי - 050-4844-292 \nכל הפרטים, ליינאפ, שעות, מלונות, מחירים ועוד באתר:\nhttp://blu4dance.tranceil.co.il/\n\n\nוהריי הליינאפ...\n\nחמישי 4.7 \n=======\nALESSO ► JOCHEN MILLER ► YUVAL ZACH - בחווה\n\nשישי 5.7 \n======\nARMIN VAN BUUREN ► ASHLEY WALLBRIDGE - בחווה \n\n\n\n◄◄◄ ARMIN VAN BUUREN\n\nArmada Music // A State Of Trance\n=======================\nאת ארמין ואן ביורן כבר אין צורך להציג, הסופר-סטאר והדיג'יי/מפיק ההולנדי כבש השנה את המקום ה-1 בדירוג הדיג'ייז העולמי בפעם החמישית.  ארמין חוזר לאילת לראשונה מאז יולי 2011 והפעם בסמוך לשיחרור אלבומו החדש Intense. ארמין גם ייסד ועומד בראש תאגיד המוזיקה הענקי – ארמדה, המהווה כיום את הלייבל האלקטרוני המוביל בעולם. במהלך הקריירה שהחלה אי שם ב-1997 הוא קטף אינספור פרסים, שבחים ותארים וכיום הוא נחשב לדיג'יי הגדול בהיסטוריה. בין היתר הוא אמון על תוכנית הרדיו האלקטרונית הפופולארית ביותר בעולם – A State Of Trance המרתקת מדי שבוע מיליוני מאזינים, שחגגה השנה 600 פרקים בטור עולמי נרחב. בנוסף להיותו אחד הדיג'ייז בעלי הלו\"ז העמוס ביותר בהופעות במועדונים ובפסטיבלים הנחשבים ביותר בתעשייה, הוא נחשב לאחד מעמודי התווך ומייסדיה של סצינת הטראנס והפרוגרסיב המלודיים, עם תמיכה וקידום אמנים וכמובן מצבת הפקות ורימיקסים שרובם ככולם נחשבים לקלאסיקות עד בעולם המוזיקה האלקטרונית. \nhttp://www.youtube.com/watch?v=Uibm_RQfZ-M\nhttp://www.youtube.com/watch?v=dU26cGlmkRg\nhttp://www.youtube.com/watch?v=BR_DFMUzX4E\n\n\n◄◄◄ ALESSO\n\nRefune Records\n===========\nאלסו הוא אלסנדרו לינדבלאד השוודי בעל השורשים האיטלקיים, אחד השמות הלוהטים כרגע בעולם המוזיקה האלקטרונית זכה לכינוי Sweden's Best Kept Secret/ אלסו מנגן בקביעות בפסטיבלים הגדולים בעולם וכבר שיתף פעולה בסטודיו עם אמנים מובילים כמו אביצ'י, דיוויד גואטה, הסווידיש האוס מאפיה, דירט'י סאות' ועוד.\nהפריצה שלו הגיע בעיקר אחרי הקטעים - Nillionaire ו-Raise Your Head ששברו שיאי מכירות באתר מכירת המוזיקה המוביל - ביטפורט. מאז כל קטע שלו כובש ישירות את צמרות המצעדים ומתנגן בכל המועדונים ברחבי הגלובוס. בין היתר הספיק לנגן כבר באירועי ענק כמו Tomorrowland, EDC, Creamfields, Summerburst ועוד. עם טור עולמי שמלבד אירופה פלש גם לאסיה ולאמריקה , אלסו הוא כבר מזמן לא הסוד הכי שמור של שוודיה.\nhttp://www.youtube.com/watch?v=831Q5RF6bL8\nhttp://www.youtube.com/watch?v=XwlHlzjdPi0\n\n\n◄◄◄ ASHLEY WALLBRIDGE\nArmada Music // AVA Recordings \n=====================\nאשלי ווולברידג', הדיג'יי-מפיק הבריטי, הוא ללא ספק אחד השמות העולים בשנים האחרונות בסצינת הטראנס והפרוגרסיב. כיום הוא רק בן 25 וכבר מחזיק דיסקוגרפיה שלא הייתה מביישת אפילו את השמות הגדולים בתעשייה, עם הפקות מקור, רימיקסים ושיתופי פעולה עם ענקים כמו ארמין ואן ביורן, מרקוס שולץ, פרי קורסטן, גארת' אמרי ואנדי מור היה בין הראשונים לזהות את הפוטנציאל הטמון בו. עוד לפני גיל 20 הוא זכה במספר תחרויות מיקסינג והפקה וכך הצליח לקדם את עצמו במעלה התעשייה ולקבל הזמנות לנגן במועדונים נחשבים באנגליה ובהמשך ברחבי אירופה. בהמשך גילה את הווקאליסטית מייגן נילון איתה שיחרר קטעים שמשכו את תשומת הלב של לייבל ארמדה של ארמין ואן ביורן. ב-2012 הוא שיחרר את אלבום האמן הראשון שלו - The Inner Me שספג תשבוחות רבות ברחבי העולם.\nhttp://www.youtube.com/watch?v=kD3vQLzTCRs\nhttp://www.youtube.com/watch?v=KsG1UD0uRcE\n\n\n◄◄◄ JOCHEN MILLER\nBeYourSelf Music // Armada // High Contrast\n============================\nיוכן מילר ההולנדי ממשפחת 'ארמדה' של ארמין ואן ביורן הוא אחד החלוצים שיצר הכלאה בין טראנס, אלקטרו, טקנו ופרוגרסיב, כשהסאונד הייחודי שלו שימש השראה למפיקים נחשבים רבים בז'אנר. כיום הוא משלב גם את הסאונד של הדור החדש, ה-Big Room. מאז החל את קריירת התיקלוט שלו הוא כבש אינספור רחבות מסביב לעולם כולל פסטיבלי ה-Mysteryland, Trance Energy, Dance Valley ולאחרונה גם ASOT ופסטיבל ה-Ultra במיאמי. קטעים שלו כמו Lost Connection, Humanoid ו-Brace Yourself נחשבים עד היום לבעלי סאונד פורץ דרך ואליהם מצטרף גם Classified שהוכתר להימנון הרישמי של פסטיבל ה-Energy ב-2011. בין היתר הוליד שיתופי פעולה מוצלחים עם מרקוס שולץ, ראנק 1 ו-W&W , והוא גם נחשב לאחד המחממים הרישמיים של ארמין ואן ביורן בסיבובי ההופעות שלו ברחבי העולם. בנוסף הוא ממייסדי ואמני הדגל של צמד הלייבלים המהפכניים BeYourSelf Music ו-High Contrast Recordings. יוכן מילר חוזר לראשונה מאז יום העצמאות האחרון באפריל 2012 אז ניגן בגני התערוכה. \nhttp://www.youtube.com/watch?v=bH1_gEfDYCY\nhttp://www.youtube.com/watch?v=GZaX784iuLw\n\n\n◄◄◄ DJ YUVAL ZACH - Resident\n======================\nיובל זך הוא רזידנט האומן 17 ונחשב לאחד הדיג'ייז הבולטים בישראל בשנים האחרונות וללא ספק אחד המבוקשים והעסוקים. זו השנה ה-5 ברציפות בה יובל פותח את הפסטיבל ומאייש את עמדת הרזידנסי של הבלו4דאנס. יובל ניגן בכל מועדון או דאנס-בר נחשב בישראל וכמובן באירועים והפסטיבלים הגדולים ביותר. הוא ניחן בכישרון מיוחד לבניית אווירה ומחזיק בארסנל מכובד של קטעים בלעדיים שנחשפים תמיד לראשונה רק אצלו בדרך להפוך ללהיטי רחבות שנחרשים אצל מיטב הדיג'ייז בארץ ובחו\"ל. עד כה הספיק יובל לנגן לצד ענקים אלקטרוניים כמו ארמין ואן ביורן, אבוב & ביונד, גארת' אמרי, דייב סימן, דני טנגליה, מרקוס שולץ, דאש ברלין והרשימה עוד ארוכה.צפו לסט גרובי שיכניס אתכם לקצב ויתניע לכם את הסופשבוע בצורה המושלמת.\nhttp://www.youtube.com/watch?v=Spc0g6a9tFE\n\n\n========================================\nTRANCE IL SUPERWEEKEND  - בלעדי למזמינים דרך TRANCE IL\n========================================\nמלון המסיבות של טראנס ישראל - רימונים סנטרל פארק\nהדיל כולל 2 מסיבות צהריים בשישי ובשבת עם הדיג'ייז הבאים:\nJochen Miller, Ashley Wallbridge, Yuval Zach, Idan Horta, Oleg Gitman (ליינאפ מלא יתעדכן בקרוב)\n\n* חדרים במלון וכניסה למסיבות הבריכה שלנו בלעדי למזמינים דרך טראנס ישראל - מספר המקומות מוגבל אז מומלץ להירשם באתר\n\n\nלבחירתכם חבילות נופש הכוללות מלון+כרטיסים ל-2 המסיבות\nהמרכזיות ב'חווה' - החל מ-500 ש\"ח לאדם בלבד !\n\nמחירון דילים:\n\nרימונים סנטרל פארק - כולל מסיבות בריכה \nTRANCE IL SUPER WEEKEND בלעדית ל-Trance IL \n===============================\n2 לילות\nמחיר לאדם בחדר ל-4 - 799 ₪ \nמחיר לאדם בחדר ל-3 - 849 ₪\nמחיר לאדם בחדר ל-2 - 949 ₪\n\n3 לילות\nמחיר לאדם בחדר ל-4 - 940 ₪ \nמחיר לאדם בחדר ל-3 - 995 ₪\nמחיר לאדם בחדר ל-2 - 1105 ₪\n\n* הזמנה רק בהרשמה באתר http://blu4dance.tranceil.co.il\n* הכניסה מגילאי 21 ומעלה\n* כולל ארוחות בוקר \n* תוספת 60 ₪ לארוחת ערב שישי\n* כולל כרטיסים ל-2 המסיבות ב'חווה'\n============================\n\nאסטרל מרינה  - חצי פנסיון\n==================\n2 לילות\nמחיר לאדם בחדר ל-5 - 860 ₪ \nמחיר לאדם בחדר ל-4 - 870 ₪ \nמחיר לאדם בחדר ל-3 - 890 ₪ \nמחיר לאדם בחדר ל-2 - 915 ₪\n* כולל כרטיסים ל-2 המסיבות ב'חווה'\n============================\n\nקלאב הוטל - 2 לילות\n===============\nמחיר לאדם בסוויטה של 5 - 599 ₪ \nמחיר לאדם בסוויטה של 4 - 675 ₪\n* כניסה למלון מגיל 21 ומעלה\n* כולל כרטיסים ל-2 המסיבות ב'חווה'\n============================\n\nקלאב אין - 2 לילות\n=============\nמחיר לאדם בסוויטה ל-6 - 525 ₪ \nמחיר לאדם בסוויטה ל-5 - 560 ₪ \nמחיר לאדם בסוויטה ל-4 - 625 ₪\n* כולל כרטיסים ל-2 המסיבות ב'חווה'\n============================\n\nלה פלאיה - חצי פנסיון - 3 לילות\n=====================\n3 לילות\nמחיר לאדם בחדר ל-3 - 1050 ₪\nמחיר לאדם בחדר ל-2 - 1100 ₪\n* כולל כרטיסים ל-2 המסיבות ב'חווה'\n============================\n\nקיסר - 3 לילות\n==========\nמחיר לאדם בחדר ל-3 - 950 ₪\nמחיר לאדם בחדר ל-2 - 1050 ₪\n* כולל ארוחות בוקר\n* כולל כרטיסים ל-2 המסיבות ב'חווה'\n============================\n\nריביירה\n=====\n2 לילות (חמשי-שבת)\nמחיר לאדם בחדר ל-4 - 675 ₪\nמחיר לאדם בחדר ל-3 - 780 ₪\n\n\n2 לילות (שישי-ראשון)\nמחיר לאדם בחדר ל-4 - 655 ₪\nמחיר לאדם בחדר ל-3 - 750 ₪\n\n3 לילות (חמישי-ראשון)\nמחיר לאדם בחדר ל-4 - 820 ₪\nמחיר לאדם בחדר -3 - 970 ₪\n\n* כולל כרטיסים ל-2 המסיבות ב'חווה'\n============================\n\nאגמים\n======\n2 לילות (חמשי-שבת)\nמחיר לאדם בחדר ל-2 - 1190 ₪\n\n2 לילות (שישי-ראשון)\nמחיר לאדם בחדר ל-2 - 1090 ₪\n\n3 לילות (חמישי-ראשון)\nמחיר לאדם בחדר ל-2 - 1530 ₪\n\n* כניסה מגיל 21 או בהצגת ת.חוגר \n* כולל ארוחות בוקר\n* כולל כרטיסים ל-2 המסיבות ב'חווה'\n============================\n\nרויאל ביץ'\n=======\n2 לילות (חמשי-שבת)\nמחיר לאדם בחדר ל-2 - 1550 ₪\n\n2 לילות (שישי-ראשון)\nמחיר לאדם בחדר ל-2 - 1430 ₪\n\n3 לילות (חמישי-ראשון)\nמחיר לאדם בחדר ל-2 - 2050 ₪\n\n* כניסה מגיל 21 או בהצגת ת.חוגר \n* כולל ארוחות בוקר\n* כולל כרטיסים ל-2 המסיבות ב'חווה'\n\n============================\nמחירים ומלאי מתעדכנים לייב באתר שלנו \nhttp://blu4dance.tranceil.co.il\n\nכרטיסים באשראי:\n=================\n\nהחלה מכירת הכרטיסים לפסטיבל בלו4דאנס! - הכרטיסים ישלחו בדואר רשום עד הבית - בתוספת של 10 ש\"ח בלבד לעסקה. שימו לב שהמכירה היא מכירה טרום מוקדמת והכרטיסים טרם הודפסו, הם ישלחו ברגע שיגיעו מבית הדפוס\n\nכרטיס משולב (חמישי ושישי): http://bit.ly/10V0pkl\nכרטיס לאלסו בלבד (יום חמישי): http://bit.ly/18rAXt2\nכרטיס לארמין ואן ביורן בלבד (יום שישי): http://bit.ly/111gDJy \n\n\nכרטיסים בנפרד  במזומן- המכירה תחל בקרוב אצל כל היחצנים שלנו בפריסה ארצית:\n\n\n[ צפון]\nכרמיאל | נהריה - רון - 054-335-2991\nקריות - נורית - 052-811-4727\nחיפה | עמקים | קריות - פיטר - 052-4721-899 \nחיפה | נתניה - אלכס - 052-887-1431\n\n[ מרכז ]\nפתח-תקווה | ק.אונו | חולון - עידן 052-552-6535\nכפר-סבא | אריאל - אדי - 052-8599-906\nרעננה והשרון - יוגב - 052-474-5100\nרעננה | הרצליה | ת\"א - סהר - 052-3505-119\nמרכז | ת\"א | ראשל\"צ - ראובן - 052-352-4181 \nתל-אביב - אימרי - 054-216-0075\nראשל\"צ | אור-יהודה - עידן - 052-6311-906\nראשל\"צ - לודה - 054-2937730\nירושלים והסביבה - ברי - 050-794-2363\n\n[ דרום ]\nגדרה | רחובות | נס-ציונה | יבנה - גלי - 054-9736-120\nאשדוד - אירית - 050-2166-907\nאשקלון והסביבה - תומר - 050-4844-292\nבאר-שבע ואונ' בן גוריון - רועי - בקרוב\n\nכל הפרטים באתר שלנו\nhttp://blu4dance.tranceil.co.il \n\n\nנתראה באילת...\nIN TRANCE IL WE TRUST ",
        "eid": 255446957933569,
        "end_time": "2013-07-06T06:00:00+0300",
        "has_profile_pic": true,
        "hide_guest_list": false,
        "host": "TRANCE IL - פורטל הטראנס של ישראל",
        "is_date_only": false,
        "location": "אילת",
        "name": "Armin Van Buuren | Alesso | Ashley Wallbridge | Jochen Miller | Yuval Zach | BLU4DANCE Eilat 4-6.7.13 (Trance IL SuperWeekend)",
        "not_replied_count": 26857,
        "parent_group_id": null,
        "pic": "https://fbcdn-sphotos-h-a.akamaihd.net/hphotos-ak-ash3/c179.0.315.315/s296x100/577573_10151415246083317_368352759_n.jpg",
        "pic_big": "https://fbcdn-sphotos-h-a.akamaihd.net/hphotos-ak-ash3/c179.0.315.315/s552x414/577573_10151415246083317_368352759_n.jpg",
        "pic_small": "https://fbcdn-sphotos-h-a.akamaihd.net/hphotos-ak-ash3/c179.0.315.315/s160x160/577573_10151415246083317_368352759_n.jpg",
        "pic_square": "https://fbcdn-sphotos-h-a.akamaihd.net/hphotos-ak-ash3/c179.0.315.315/s160x160/577573_10151415246083317_368352759_n.jpg",
        "privacy": "OPEN",
        "start_time": "2013-07-04T23:00:00+0300",
        "ticket_uri": "http://www.facebook.com/ajax/events/ticket.php?event_id=255446957933569&action_source=12",
        "timezone": "Asia/Jerusalem",
        "unsure_count": 394,
        "update_time": "1369559031",
        "version": 2,
        "venue": {
            "id": 109028239174315
        },
        "pic_cover": {
            "cover_id": 10151415246083316,
            "source": "https://fbcdn-sphotos-h-a.akamaihd.net/hphotos-ak-ash3/s720x720/577573_10151415246083317_368352759_n.jpg",
            "offset_y": 0,
            "offset_x": 0
        }
    },
    {
        "_id": "51a70e10ef2b4a2d12e8c955",
        "all_members_count": 17012,
        "attending_count": 439,
        "can_invite_friends": false,
        "creator": 66603149415,
        "creator_cursor": null,
        "declined_count": 1020,
        "description": "חברים וחברות יקרים ויקרות...תעצמו את העיניים..תדמיינו שאתם בבגד ים...רטובים בבריכה..המים קפואים, השמש זורחת באמצע השמיים, יד אחת באוויר..משקה אלכוהולי ביד השניה...אתם מוקפים בחברים וחברות הכי יפים יפות...אלו שחולקים איתכם את אותה אהבה... המוזיקה הטובה בעולם מתנגנת ברקע... ובעמדה לא אחר ממפלצת הטראנס משווייץ, שכבר שנים מתנהל קמפיין עיקש להבאתו לארץ... עכשיו תפתחו את העיניים ! חודש לפני ההפקה המרכזית של הקיץ - בלו4דאנס אילת עם ארמין ואן ביורן, אלסו, אשלי וולברידג', יוכן מילר ועוד... מגיעה מסיבת הבריכה המטורפת הזו.. קיץ 2013 .. תודה שבאת\n\n \n7.6.2013 \nשישי צהריים 11:30-18:00\nוילה ארטמיס, שדות מיכה \nמסיבת בריכה \nTYTANIUM SESSIONS 200 OFFICIAL BROADCAST\n\n\nוהרי הליינאפ:\n\n!!! SEAN TYAS (Switzerland) - 4 HOURS SET\n\nTytanium Sessions / Tytanium Recordings\nhttp://www.seantyasmusic.com/\nhttp://www.youtube.com/user/seantyasmusic/videos\n________________________________________\n\nשון טייאס, יליד ניו-יורק אך גדל ומתגורר בשווייץ, הוא אחד הדיג'ייז-מפיקים המובילים בעולם הטראנס מאז שנת 2006. כבר ב-2009 דורג במקום ה46 בדירוג הדיג'ייז העולמי לאחר שספג שבחים משדרן הרדיו האגדי של ה-BBC - פיט טונג ואף זכה להיות אחד מאמני האפליפטינג היחידים שפרצו את המחסום וזכו להגיש סט בתוכנית הפופולרית Essential Mix. טייאס מביא לרחבה תערובת של מלודיות, הרמוניה, גרוב טראנסי ואנרגטי והמון חשמל וטכנולוגיה המתבטאים בשיטות הפקה וסאונד פורצי דרך שהשפיעו רבות על הצורה בה באנגינג ואפליפטינג טראנס נשמעים כיום, עם אינספור טראקים, רימיקסים ובוטלגים שזוכים לתמיכה של כל הדיג'ייז הנחשבים כיום, ובימים בהם פרץ הוא נהנה מתמיכה ע\"י ארמין ואן ביורן, סאנדר ואן דורן, פול ואן דייק, גאדג' ג'ולס, אבוב & ביונד שהיו הראשונים לגלות את הכישרון הגדול. החותמת הרישמית לזינוק שלו הגיעה כבר ב-2006, אז זכה בתחרות הרימיקסים של חברת התקליטים הגדולה Spinnin' Records\nעם החידוש שלו ל-Punk'd של סאנדר ואן דורן. בסוף אותה שנה הוא הנחית על העולם את הסינגל Lift שמייד החל להיחרש על ידי ארמין ואן ביורן ואף זכה לתוארTune Of The Week בתוכנית, ובסוף השנה לאחד הקטעים הגדולים של 2006. מלבד היותו מפיק/רימיקסר מבוקש שחידש לגדולים כמו טייסטו, בובינה, ארמין ואן ביורן, דאש ברלין, אבוב & ביונד, גארת' אמרי ועוד, גם כדיג'יי טייאס נחשב לאחד המבוקשים בטראנס בשל הופעותיו עוצרות הנשימה וקהל המעריצים הענק בכל פינה בגלובוס. עד היום הספיק לנגן במועדונים נחשבים כמו המינסטרי אוף סאונד, הגייטקראשר, גאלרי, גודסקיצ'ן ועוד ובפסטיבלים מובילים כמו טראנס אנרג'י, דאנס ואלי, מיסטרי-לנד, אסוט ועוד. חתיכות נוספות מהפאזל המוצלח הם כמובן הלייבל המצליח שלו Tytanium Recordings\nוכמובן תוכנית הרדיו הפופולארית שלוTytanium Sessions. להופעת הבכורה שלו בישראל יגיע שון טייאס במסגרת החגיגה הרישמית לפרק ה-200 של תוכנית הרדיו שלו והמסיבה כולה תוקלט\nותשודר במסגרת שידורי ה-Tytanium Sessions 200\n\nקטעים נבחרים:\n\nSean Tyas & Giuseppe Ottaviani - Arcobaleno (Original Mix)\nhttps://www.youtube.com/watch?v=xn2QVorQiGI\n\nGareth Emery feat. Lucy Saunders - Sanctuary (Sean Tyas Remix) \nhttps://www.youtube.com/watch?v=JmV9W82QmMg\n\nSean Tyas - Hydro (Original Mix) \nhttps://www.youtube.com/watch?v=JNshos5Y-W0\n\nSean Tyas - Lift (Original Mix) \nhttps://www.youtube.com/watch?v=h-gJGQZLbQw\n\n\n\nעוד לפני סט ה-4 שעות של שון טייאס שלדעתנו הולך להיכנס להיסטוריה ולהכות גלים בכל העולם, ינגנו:\n\nGAL ABUTBUL\n\nhttp://www.facebook.com/galbutbulmusic\nArmada Music | Enhanced | Amsterdam Trance Records \n________________________________________\n\nאת דרכו בסצינת הטראנס החל גל בתחילת שנת 2010, לאחר ששלח דמו למפיק הבינלאומי רז ניצן, שהתלהב מאוד מהכישרון החדש שצץ לו משום מקום. רז העביר את הקטע לידיו של מרקוס שולץ שהחליט באותו יום להחתים את גל כאמן בלייבל, בחודש מרץ 2010 גל הוחתם כאמן בלייבל Coldharbour השייך למשפחת Armada של ארמין ואן ביורן. באוגוסט של אותה שנה השתחרר בלייבל S107 רימיקס שעשה גל לקטע של Mike Shiver ו-Susana. לאחר מספר חודשים כבר השתחרר הסינגל הראשון של גל - Genelec , שנבחר להיכנס לאלבום Coldharbour Selection של מרקוס שולץ.הקטע נוגן שוב ושוב בתחנות רדיו אלקטרוניות נחשבות ברחבי אירופה והיה לאחד הטראקים המושמעים ביותר בתוכנית הרדיו של מרקוס שולץ Global DJ Broadcast, במשך 5 שבועות ברציפות, שיא שהוא עדיין מחזיק בגאווה. 2012 החלה בסערה עבור גל והוא משחרר קטעים בקצב מסחרר, המקבלים תמיכה מדיג'ייז נחשבים כמו: Markus Schulz - Above & Beyond - Ferry Corsten Paul van Dyk, בחודש שעבר אבוטבול זכה ע\"י בחירת הקהל ל - Track Of The Week - Global Selection בתוכניתו של מרקוס שולץ ! כמו כן אגדת הטראנס פול ואן דייק בחר בGliss הסינגל החדש של גל בארמדה לאחד מעשרת הקטעים הכי טובים שיצאו בחודשים האחרונים! גל שיתף פעולה עם אמנים כמו - סוזאנה מרקוס שולץ , ניב קנדי , מייק שיבר , ביט סרביס אומניה קטי בארטון ועוד רבים וגדולים ..\n\nקטעים נבחרים:\n\nGal Abutbul feat Phillipa Joy - Don't Mind Waiting\nhttps://www.youtube.com/watch?v=UrqsyFhSieI\nGal Abutbul - Spring Breeze (Original Mix)\nhttps://www.youtube.com/watch?v=2Wt5vmGW9NY\nGal Abutbul & Rafael Osmo - Made Of Love (Original Mix)\nhttps://www.youtube.com/watch?v=qpI7g1qi9BQ\n\n\nMIMRAM\n\nhttps://www.facebook.com/Mimram.Official\nNewlite Muzik | Armada Records | Stereo Productions | \n________________________________________\n\nממרם ידוע כמפיק מגוון ומוכשר עם אינספור קטעים המנוגנים ע\"י הגדולים החל מדני טנגליה עד לדיגיי צ'וס..עד ארמין וואן ביורן ואבוב אנד ביונד, ו Maceo Plex, Tube & Berger . הוא נחשב לאחד הכשרונות המבריקים של סצנת ההאוס בארץ. ממרם מגיע אלינו לאחר סיבוב הופעות נרחב בארה\"ב ולפני טור הופעות עולמי ברחבי העולם ככה שבהחלט יש למה לצפות.\n\nקטעים נבחרים:\nLian Luisa & David Mimram - White Noise (Antillas & Dankann Dark Mix)\nhttps://www.youtube.com/watch?v=DS4GfTymCnY\nDavid Mimram & Colorless - Sadaf\nhttps://www.youtube.com/watch?v=l7b7pBx4L-Q\nYamos & David Mimram - Rush\nhttps://www.youtube.com/watch?v=m5zqszFKKaE\n\n\nמכירה מוקדמת אצל כל היחצנים המורשים שלנו בפריסה ארצית - תחל בקרוב\n\nמחיר: 100 ש\"ח\nמכירה מוקדת באשראי - איסוף בקופות http://bit.ly/13yIHXP\n\nכרטיסים אצל היחצנים בפריסה ארצית:\n\n[ צפון]\nכרמיאל | נהריה - רון - 054-335-2991\nקריות - נורית - 052-811-4727\nחיפה | עמקים | קריות - פיטר - 052-4721-899 \nחיפה | נתניה - אלכס - 052-887-1431\n[ מרכז ]\nפתח-תקווה | ק.אונו | חולון - עידן 052-552-6535\nכפר-סבא | אריאל - אדי - 052-8599-906\nרעננה והשרון - יוגב - 052-474-5100\nתל-אביב - עזריאלי - יסמין 0577-550597\nרעננה | הרצליה | ת\"א - סהר - 052-3505-119\nמרכז | ת\"א | ראשל\"צ - ראובן - 052-352-4181 \nתל-אביב - אימרי - 054-216-0075\nראשל\"צ | אור-יהודה - עידן - 052-6311-906\nראשל\"צ - לודה - 054-2937730\nירושלים והסביבה - ברי - 050-794-2363\nירושלים - אלירן - 054-5866534\n[ דרום ]\nגדרה | רחובות | נס-ציונה | יבנה - גלי - 054-6462892\nאשדוד - אירית - 050-2166-907\nאשקלון והסביבה - תומר - 050-4844-292\n\n\n7.6.2013 \nשישי צהריים 11:30-18:00\n(וילה ארטמיס, שדות מיכה (ליד בית שמש\nמפת הגעה - בקרוב\n\n\nIN TRANCE IL WE TRUST \n ",
        "eid": 507504645963362,
        "end_time": "2013-06-07T19:00:00+0300",
        "has_profile_pic": true,
        "hide_guest_list": false,
        "host": "TRANCE IL - פורטל הטראנס של ישראל",
        "is_date_only": false,
        "location": "Villa Artemis - שדות מיכה ",
        "name": "SEAN TYAS ► Tytanium 200 Pool Party @  Artemis Villa ► מסיבת בריכה בוילה ► Friday 7.6.13  (Trance IL)",
        "not_replied_count": 16392,
        "parent_group_id": null,
        "pic": "https://fbcdn-sphotos-f-a.akamaihd.net/hphotos-ak-frc1/c363.0.316.316/s296x100/581992_10151462083313317_2084785840_n.jpg",
        "pic_big": "https://fbcdn-sphotos-f-a.akamaihd.net/hphotos-ak-frc1/c363.0.316.316/s552x414/581992_10151462083313317_2084785840_n.jpg",
        "pic_small": "https://fbcdn-sphotos-f-a.akamaihd.net/hphotos-ak-frc1/c363.0.316.316/s160x160/581992_10151462083313317_2084785840_n.jpg",
        "pic_square": "https://fbcdn-sphotos-f-a.akamaihd.net/hphotos-ak-frc1/c363.0.316.316/s160x160/581992_10151462083313317_2084785840_n.jpg",
        "privacy": "OPEN",
        "start_time": "2013-06-07T11:30:00+0300",
        "ticket_uri": null,
        "timezone": "Asia/Jerusalem",
        "unsure_count": 181,
        "update_time": "1370091681",
        "version": 2,
        "venue": {
            "name": "Villa Artemis - שדות מיכה "
        },
        "pic_cover": {
            "cover_id": 10151462083313316,
            "source": "https://fbcdn-sphotos-f-a.akamaihd.net/hphotos-ak-frc1/s720x720/581992_10151462083313317_2084785840_n.jpg",
            "offset_y": 100,
            "offset_x": 0
        }
    },
    {
        "_id": "51a71116ef2b4a2d12e8c9af",
        "all_members_count": 604,
        "attending_count": 7,
        "can_invite_friends": false,
        "creator": 1072825156,
        "creator_cursor": null,
        "declined_count": 21,
        "description": "מפגש זמן אדמה- ערב מתוקשר של חוכמה שאמנית\r\n\r\nפעמיים בחודש קורה קסם שבהרבה מקומות כל שנותר ממנו הוא רסיסי סיפורים. \r\nאבן אדומה מנוקדת היתה אחת מהשאמן האדירות שהתהלכו על פני אמא אדמה, \r\nוהיום כרוח, היא מתוקשרת בטראנס מלא, דרך דוב טרובניק ומכשירה את הצועדות בדרך השאמן. \r\n\r\nאבן אדומה מנוקדת הינה זקנה חכמה ומלאת חמלה. יש לה תשובות מרפאות,\r\nמלאות צחוק ומילים טובות לכל קושי ומכשול שאנחנו חווים בחיינו והיא חולקת איתנו סיפורים מרתקים\r\nשסוללים דרכים חדשות בתוכנו לחיים טובים ומאושרים יותר.\r\n\r\nפעמיים בחודש ישנה אפשרות לחוות ערב שלם איתה, ביחד, ערב שפתוח לכולם, \r\nערב של סיפורים, חוכמה שאמנית, הדרכה לחיים טובים ונכונים יותר, צחוק, ביחד, \r\nויותר מהכל חיבור לאהבה של אמא אדמה. \r\nאפשר לבוא ולשמוע, אפשר לשאול שאלות, ואפשר לפתוח את הלב ולקבל הדרכה שכמוה קשה מאד למצוא בעולמנו היום. \r\n\r\nהערב מתקיים במיתר\r\nיום שלישי, ה-21.5.13 בשעה 19:30. \r\n\r\nלפרטים : טה-רה ודוב : 08-6513697",
        "eid": 637730289574366,
        "end_time": null,
        "has_profile_pic": true,
        "hide_guest_list": false,
        "host": "פיתון טל מעיינות",
        "is_date_only": false,
        "location": "מיתר",
        "name": "מפגש זמן אדמה  עם השאמן אבן אדומה מנוקדת  21.5.13",
        "not_replied_count": 591,
        "parent_group_id": null,
        "pic": "https://fbcdn-photos-g-a.akamaihd.net/hphotos-ak-frc1/c0.0.110.109/p110x80/263039_10200313334890663_1355336543_a.jpg",
        "pic_big": "https://fbcdn-sphotos-g-a.akamaihd.net/hphotos-ak-frc1/c0.0.206.205/p206x206/263039_10200313334890663_1355336543_n.jpg",
        "pic_small": "https://fbcdn-photos-g-a.akamaihd.net/hphotos-ak-frc1/c0.0.122.122/s64x64/263039_10200313334890663_1355336543_s.jpg",
        "pic_square": "https://fbcdn-photos-g-a.akamaihd.net/hphotos-ak-frc1/c0.0.122.122/s64x64/263039_10200313334890663_1355336543_s.jpg",
        "privacy": "OPEN",
        "start_time": "2013-05-21T19:30:00+0300",
        "ticket_uri": null,
        "timezone": "Asia/Jerusalem",
        "unsure_count": 6,
        "update_time": "1367899191",
        "version": 2,
        "venue": {
            "name": "מיתר"
        },
        "pic_cover": {
            "cover_id": 10200313334890664,
            "source": "https://fbcdn-sphotos-g-a.akamaihd.net/hphotos-ak-frc1/263039_10200313334890663_1355336543_n.jpg",
            "offset_y": 90,
            "offset_x": 0
        }
    },
    {
        "_id": "51a71116ef2b4a2d12e8c9b0",
        "all_members_count": 1352,
        "attending_count": 49,
        "can_invite_friends": false,
        "creator": 1072825156,
        "creator_cursor": null,
        "declined_count": 46,
        "description": " קרוליין הילייר ונייג'ל שאו, מבריטניה בהופעה אחת מיוחדת, בתל אביב\r\n\r\nקרוליין הילייר היא זמרת עוצרת נשימה. \r\nבמשך עשרים שנים היא שרה את קולות האדמה הנשכחים, את רוחות האדמה הקדומות ואת הקדמוניות השאמניות אותן היא רואה בעינייה רואות הנסתר.\r\nהיא יוצרת תופים, מספרת סיפורים, ציירת וכותבת.\r\nנייג'ל שאו הוא חלילן ומלחין אשר יצירותיו שואבות עצמן מתוך היופי של הטבע ומתוך האהבה האדירה של אמא אדמה שנמצאת סביבנו.\r\nהוא יוצר חלילים אינדיאנים ומנגן בהרכבים אטניים ברחבי העולם למעלה משני עשורים.\r\n\r\nהופעתם משלבת כלים שיצרו בעצמם, בקולותיה המצמררים של קרוליין, ולוקחים למסע שאמני בעקבות קולות האדמה הפראית שסביבנו.\r\nהם מביאים אל הקהל את הקסם הבריטי של עצי הענק, מעגלי האבנים מכוסי הטחב והשמיים האפורים מלאי לחישות הכשף.\r\nזוהי חוויה עצומה.\r\n\r\nההופעה תתקיים  באכסניית הנוער בני דן בתל אביב – רחוב בני דן 36 תל אביב.\r\n \r\nביום שבת ה- 18.5.13  \r\nשעה 20:00 \r\nמחיר: 80 ש\"ח\r\n\r\nלפרטים נוספים - טה - רה ודוב  08:6513697",
        "eid": 134191396768260,
        "end_time": null,
        "has_profile_pic": true,
        "hide_guest_list": false,
        "host": "פיתון טל מעיינות",
        "is_date_only": false,
        "location": "תל אביב",
        "name": "קרוליין הילייר ונייג'ל שאו, מבריטניה, בקונצרט מיוחד בתל אביב",
        "not_replied_count": 1288,
        "parent_group_id": null,
        "pic": "https://fbcdn-sphotos-c-a.akamaihd.net/hphotos-ak-prn1/c166.0.264.264/s296x100/541628_10200193234808236_573197027_n.jpg",
        "pic_big": "https://fbcdn-sphotos-c-a.akamaihd.net/hphotos-ak-prn1/c166.0.264.264/s552x414/541628_10200193234808236_573197027_n.jpg",
        "pic_small": "https://fbcdn-sphotos-c-a.akamaihd.net/hphotos-ak-prn1/c166.0.264.264/s160x160/541628_10200193234808236_573197027_n.jpg",
        "pic_square": "https://fbcdn-sphotos-c-a.akamaihd.net/hphotos-ak-prn1/c166.0.264.264/s160x160/541628_10200193234808236_573197027_n.jpg",
        "privacy": "OPEN",
        "start_time": "2013-05-18T20:00:00+0300",
        "ticket_uri": null,
        "timezone": "Asia/Jerusalem",
        "unsure_count": 15,
        "update_time": "1365704848",
        "version": 2,
        "venue": {
            "name": "תל אביב"
        },
        "pic_cover": {
            "cover_id": 10200193234808236,
            "source": "https://fbcdn-sphotos-c-a.akamaihd.net/hphotos-ak-prn1/541628_10200193234808236_573197027_n.jpg",
            "offset_y": 0,
            "offset_x": 0
        }
    },
    {
        "_id": "51a71116ef2b4a2d12e8c9ba",
        "all_members_count": 917,
        "attending_count": 22,
        "can_invite_friends": false,
        "creator": 1072825156,
        "creator_cursor": null,
        "declined_count": 44,
        "description": "קרוליין הילייר היא זמרת עוצרת נשימה. \r\nבמשך עשרים שנים היא שרה את קולות האדמה הנשכחים, את רוחות האדמה הקדומות ואת הקדמוניות השאמניות אותן היא רואה בעינייה רואות הנסתר.\r\nהיא יוצרת תופים, מספרת סיפורים, ציירת וכותבת.\r\n\r\nאחד מהכישורים של קרוליין הילייר היא היכולת לבוא בקשר רוחני עם הקדמוניות הזקנות שבעבר הרחוק הילכו על אמא אדמה וכיום נשארות כאן במימדים הנעלמים ומדריכות את אלה שיודעות לבוא עימן במגע.\r\n\r\nבסדנה חוויתית ומרהיבה - המיועדת לנשים בלבד, תשתף קרוליין את ההדרכה של האורגות השאמניות הקדומות ליצירה וגילוי של הקולות הפראיים והטבעיים ביותר של הנשיות שבתוכנו.\r\n\r\nקרוליין מנחה סדנאות נשים ברחבי העולם למעלה מעשור בהצלחה מסחררת והפעם היא חולקת את כישורי השירה, סיפור הסיפורים ויותר מהכל – כישורי הקסם הבריטי הקדום, בישראל.\r\n\r\nהסדנה נערכת באנגלית\r\n\r\nהסדנה תיערך \r\nביום שישי  ה  17.5.13  \r\nבין השעות 10:00 – 22:00  \r\nמחיר כ 500 ש\"ח\r\nהסדנה נערכת בטבע – \r\nלהרשמה, למיקום מדוייק ולפרטים נוספים : 08-6513697\r\n\r\nהזדמנות זו לנשים בלבד\r\n\r\n",
        "eid": 606943682667455,
        "end_time": "2013-05-17T22:00:00+0300",
        "has_profile_pic": true,
        "hide_guest_list": false,
        "host": "פיתון טל מעיינות",
        "is_date_only": false,
        "location": null,
        "name": "סדנה ייחודית לנשים - עם קרוליין הילייר",
        "not_replied_count": 888,
        "parent_group_id": null,
        "pic": "https://fbcdn-sphotos-a-a.akamaihd.net/hphotos-ak-prn1/c223.0.264.264/s296x100/48101_10200193279369350_2009866598_n.jpg",
        "pic_big": "https://fbcdn-sphotos-a-a.akamaihd.net/hphotos-ak-prn1/c223.0.264.264/s552x414/48101_10200193279369350_2009866598_n.jpg",
        "pic_small": "https://fbcdn-sphotos-a-a.akamaihd.net/hphotos-ak-prn1/c223.0.264.264/s160x160/48101_10200193279369350_2009866598_n.jpg",
        "pic_square": "https://fbcdn-sphotos-a-a.akamaihd.net/hphotos-ak-prn1/c223.0.264.264/s160x160/48101_10200193279369350_2009866598_n.jpg",
        "privacy": "OPEN",
        "start_time": "2013-05-17T10:00:00+0300",
        "ticket_uri": null,
        "timezone": "Asia/Jerusalem",
        "unsure_count": 7,
        "update_time": "1365705699",
        "version": 2,
        "venue": [],
        "pic_cover": {
            "cover_id": 10200193279369350,
            "source": "https://fbcdn-sphotos-a-a.akamaihd.net/hphotos-ak-prn1/48101_10200193279369350_2009866598_n.jpg",
            "offset_y": 0,
            "offset_x": 0
        }
    },
    {
        "_id": "51a71116ef2b4a2d12e8c9c6",
        "all_members_count": 1981,
        "attending_count": 19,
        "can_invite_friends": false,
        "creator": 100000724568783,
        "creator_cursor": null,
        "declined_count": 77,
        "description": "I welcome spiritual seekers from all over the world to join me for the spiritual journey of 1-6 months to know and experience the amazing beauty of \"nothingness\" in the holy environment of the most ancient and sacred city of the world Varanasi. The course will begin in April 2013. Those who are interested to join can send registration fees which is 500$ for 6 months(Foreigners) and Rs 30,000(Indians). Those who wish to join us can feel free to message here....... <3 Om and love <3",
        "eid": 372081242905632,
        "end_time": null,
        "has_profile_pic": true,
        "hide_guest_list": false,
        "host": "Nilmani Priyadarshi",
        "is_date_only": true,
        "location": "Varanasi, India",
        "name": "Shunya Yoga (The yoga of nothingness)",
        "not_replied_count": 1952,
        "parent_group_id": null,
        "pic": "https://fbcdn-photos-b-a.akamaihd.net/hphotos-ak-prn1/c1.0.107.106/p110x80/538701_559915957375885_688427773_a.jpg",
        "pic_big": "https://fbcdn-sphotos-b-a.akamaihd.net/hphotos-ak-prn1/c3.0.205.206/p206x206/538701_559915957375885_688427773_n.jpg",
        "pic_small": "https://fbcdn-photos-b-a.akamaihd.net/hphotos-ak-prn1/c1.0.127.126/s64x64/538701_559915957375885_688427773_s.jpg",
        "pic_square": "https://fbcdn-photos-b-a.akamaihd.net/hphotos-ak-prn1/c1.0.127.126/s64x64/538701_559915957375885_688427773_s.jpg",
        "privacy": "OPEN",
        "start_time": "2014-05-31",
        "ticket_uri": null,
        "timezone": null,
        "unsure_count": 10,
        "update_time": "1364810673",
        "version": 2,
        "venue": {
            "name": "Varanasi, India"
        },
        "pic_cover": {
            "cover_id": 559915957375885,
            "source": "https://fbcdn-sphotos-b-a.akamaihd.net/hphotos-ak-prn1/538701_559915957375885_688427773_n.jpg",
            "offset_y": 0,
            "offset_x": 0
        }
    },
    {
        "_id": "51a71116ef2b4a2d12e8c9ca",
        "all_members_count": 1314,
        "attending_count": 43,
        "can_invite_friends": false,
        "creator": 366596736761673,
        "creator_cursor": null,
        "declined_count": 46,
        "description": "יום ראשון החל מהשעה 9:00 בערב...\n\nכניסה חינם!!!! הופעות ריקודים... ועד השעה 10 בערב כל המשקאות והקוקטיילים 1+1....\n\nאלמה דה קובה- רח' הארבעה 16 ת\"א- טלפון 03-5234894\n\nלקבלת עדכונים שוטפים ומידע על אירועים מיוחדים עשו לנו לייק ותוסיפו אותנו כחברים בקישורים הבאים\n\nhttps://www.facebook.com/AlmaDeCubaTelAviv\nhttps://www.facebook.com/alma.cuba.3\n\n Mi Gente... queremos invitarlos a una fiesta de Salsa Cubana \n en Alma de Cuba....este Domingo a partir de las 9:00\n\n Entrada Gratis!!!! y todas las bebidas 1+1 hasta 10:00\n\n No se lo pierdan\n Tel 03-523-4894\n Calle Haarba'a 16, Tel Aviv",
        "eid": 541626255896135,
        "end_time": null,
        "has_profile_pic": true,
        "hide_guest_list": false,
        "host": "Alma de Cuba - Cuban bar & Lounge",
        "is_date_only": true,
        "location": "Alma de Cuba - Cuban bar & Lounge",
        "name": "מסיבת סלסלה קובנית / La Fiesta mas Cubana en Alma",
        "not_replied_count": 1241,
        "parent_group_id": null,
        "pic": "https://fbcdn-sphotos-c-a.akamaihd.net/hphotos-ak-frc1/c68.0.288.288/s160x160/316251_459868494101163_128553858_n.jpg",
        "pic_big": "https://fbcdn-sphotos-c-a.akamaihd.net/hphotos-ak-frc1/c48.0.206.206/p206x206/316251_459868494101163_128553858_n.jpg",
        "pic_small": "https://fbcdn-photos-c-a.akamaihd.net/hphotos-ak-frc1/c11.0.51.50/p50x50/316251_459868494101163_128553858_s.jpg",
        "pic_square": "https://fbcdn-photos-c-a.akamaihd.net/hphotos-ak-frc1/c11.0.51.50/p50x50/316251_459868494101163_128553858_s.jpg",
        "privacy": "OPEN",
        "start_time": "2013-05-26",
        "ticket_uri": null,
        "timezone": null,
        "unsure_count": 30,
        "update_time": "1369295616",
        "version": 2,
        "venue": {
            "id": 366596736761673
        },
        "pic_cover": {
            "cover_id": 459868494101163,
            "source": "https://fbcdn-sphotos-c-a.akamaihd.net/hphotos-ak-frc1/316251_459868494101163_128553858_n.jpg",
            "offset_y": 24,
            "offset_x": 0
        }
    },
    {
        "_id": "51a71116ef2b4a2d12e8c9cf",
        "all_members_count": 7622,
        "attending_count": 385,
        "can_invite_friends": false,
        "creator": 775327537,
        "creator_cursor": null,
        "declined_count": 710,
        "description": "Water is essential to all life, and therefore should be a public good, accessible to all and not privatized!!!\n\nPlease sign and share the European initiative to protect our blue gold:  \n\nhttps://signature.right2water.eu/oct-web-public/?lang=en\n\nWater and sanitation are a human right!\n\nWater is a public good, not a commodity. We invite the European Commission to propose legislation implementing the human right to water and sanitation as recognized by the United Nations, and promoting the provision of water and sanitation as essential public services for all. The EU legislation should require governments to ensure and to provide all citizens with sufficient and clean drinking water and sanitation. We urge that:\n\n    The EU institutions and Member States be obliged to ensure that all inhabitants enjoy the right to water and sanitation.\n    Water supply and management of water resources not be subject to ‘internal market rules’ and that water services are excluded from liberalization.\n    The EU increases its efforts to achieve universal access to water and sanitation.\n\nhttp://www.right2water.eu/\n",
        "eid": 146416152184096,
        "end_time": null,
        "has_profile_pic": true,
        "hide_guest_list": false,
        "host": "Valentina Škafar",
        "is_date_only": true,
        "location": "ONLINE, WORLD!",
        "name": "IMPORTANT:WATER IS A HUMAN RIGHT! ONLINE PETITION SIGNING!",
        "not_replied_count": 7067,
        "parent_group_id": null,
        "pic": "https://fbcdn-profile-a.akamaihd.net/hprofile-ak-prn2/203483_146416152184096_1285804759_s.jpg",
        "pic_big": "https://fbcdn-profile-a.akamaihd.net/hprofile-ak-prn2/203483_146416152184096_1285804759_n.jpg",
        "pic_small": "https://fbcdn-profile-a.akamaihd.net/hprofile-ak-prn2/203483_146416152184096_1285804759_t.jpg",
        "pic_square": "https://fbcdn-profile-a.akamaihd.net/hprofile-ak-prn2/203483_146416152184096_1285804759_q.jpg",
        "privacy": "OPEN",
        "start_time": "2013-09-30",
        "ticket_uri": null,
        "timezone": null,
        "unsure_count": 170,
        "update_time": "1360684934",
        "version": 2,
        "venue": {
            "name": "ONLINE, WORLD!"
        },
        "pic_cover": null
    },
    {
        "_id": "51a71116ef2b4a2d12e8c9d0",
        "all_members_count": 2646,
        "attending_count": 27,
        "can_invite_friends": false,
        "creator": 100000918112863,
        "creator_cursor": null,
        "declined_count": 138,
        "description": "At this time, Janaka is \"on\" and here and send you some Blessings.\n \nPlease be in meditative state in this half an hour.\n If you want, put on some meditation or relaxing music.\n But Janaka would be very glad about your feedback, no matter if negative or posititive!\n Lovingly,\n Beate ",
        "eid": 400789213362633,
        "end_time": "2013-06-30T10:30:00+0200",
        "has_profile_pic": true,
        "hide_guest_list": false,
        "host": "Beate Eich",
        "is_date_only": false,
        "location": "Where ever you are in this world! ",
        "name": "Janaka -Coming Home- Distant-Energy-Darshan from Germany with Janaka",
        "not_replied_count": 2603,
        "parent_group_id": null,
        "pic": "https://fbcdn-sphotos-f-a.akamaihd.net/hphotos-ak-ash4/c19.0.118.118/p118x118/407049_562772060430059_598326274_n.jpg",
        "pic_big": "https://fbcdn-sphotos-f-a.akamaihd.net/hphotos-ak-ash4/c34.0.205.206/p206x206/407049_562772060430059_598326274_n.jpg",
        "pic_small": "https://fbcdn-photos-f-a.akamaihd.net/hphotos-ak-ash4/c8.0.50.50/p50x50/407049_562772060430059_598326274_s.jpg",
        "pic_square": "https://fbcdn-photos-f-a.akamaihd.net/hphotos-ak-ash4/c8.0.50.50/p50x50/407049_562772060430059_598326274_s.jpg",
        "privacy": "OPEN",
        "start_time": "2013-06-30T10:00:00+0200",
        "ticket_uri": null,
        "timezone": "Europe/Berlin",
        "unsure_count": 16,
        "update_time": "1366544967",
        "version": 2,
        "venue": {
            "name": "Where ever you are in this world! "
        },
        "pic_cover": {
            "cover_id": 562772060430059,
            "source": "https://fbcdn-sphotos-f-a.akamaihd.net/hphotos-ak-ash4/s720x720/407049_562772060430059_598326274_n.jpg",
            "offset_y": 53,
            "offset_x": 0
        }
    },
    {
        "_id": "51a71116ef2b4a2d12e8c9d3",
        "all_members_count": 869,
        "attending_count": 20,
        "can_invite_friends": false,
        "creator": 100001822147991,
        "creator_cursor": null,
        "declined_count": 39,
        "description": "After a successful show at THe Rack (4/6/13) we are moving our \"After Life\" show to Universal City!  Come support independent Music!  It is YOU the fans that keep us doing this!",
        "eid": 183671005122851,
        "end_time": null,
        "has_profile_pic": false,
        "hide_guest_list": false,
        "host": "Crack-in The-Shell",
        "is_date_only": false,
        "location": "Universal Bar & Grill",
        "name": "Crack in the Shell @ Universal Bar & Grill",
        "not_replied_count": 827,
        "parent_group_id": null,
        "pic": "https://fbcdn-profile-a.akamaihd.net/static-ak/rsrc.php/v2/yi/r/zSnTif5Rf_V.png",
        "pic_big": "https://fbcdn-profile-a.akamaihd.net/static-ak/rsrc.php/v2/yn/r/5uwzdFmIMKQ.png",
        "pic_small": "https://fbcdn-profile-a.akamaihd.net/static-ak/rsrc.php/v2/yy/r/XcB-JGXohjk.png",
        "pic_square": "https://fbcdn-profile-a.akamaihd.net/static-ak/rsrc.php/v2/yE/r/tKlGLd_GmXe.png",
        "privacy": "OPEN",
        "start_time": "2013-06-22T20:00:00-0700",
        "ticket_uri": null,
        "timezone": "America/Los_Angeles",
        "unsure_count": 22,
        "update_time": "1367716534",
        "version": 2,
        "venue": {
            "id": 204461447743
        },
        "pic_cover": null
    }
]